{
  "controller/ErrorHandler-dbg.js": 1707986969934,
  "Component.js": 1707986969929,
  "model/models.js": 1707986969964,
  "model/formatter.js": 1707986969962,
  "controller/Worklist.controller.js": 1707986969945,
  "controller/Object.controller.js": 1707986969934,
  "controller/NotFound.controller.js": 1707986969934,
  "controller/ErrorHandler.js": 1707986969934,
  "controller/BaseController.js": 1707986969934,
  "controller/App.controller.js": 1707986969930,
  "manifest.json": 1708326099732,
  "Component-preload.js": 1708326100116,
  "i18n/i18n.properties": 1707986969948,
  "model/formatter-dbg.js": 1707986969962,
  "controller/Worklist-dbg.controller.js": 1707986969945,
  "controller/Object-dbg.controller.js": 1707986969934,
  "controller/NotFound-dbg.controller.js": 1707986969934,
  "model/models-dbg.js": 1707986969964,
  "controller/BaseController-dbg.js": 1707986969934,
  "controller/App-dbg.controller.js": 1707986969930,
  "Component-dbg.js": 1707986969929,
  "view/Worklist.view.xml": 1707989023526,
  "view/ObjectNotFound.view.xml": 1707986969981,
  "view/Object.view.xml": 1707989351489,
  "view/NotFound.view.xml": 1707986969971,
  "view/App.view.xml": 1707986969971,
  "index.html": 1707986969950
}